Adams,Town of Jackson,316 Fish Ct,"Oxford, WI 53952",608 586 6391,By appointment
Adams,Town of Leola,127 Apache Lane,"Plainfield, WI 54966",715 335 4732,
Adams,Town of Lincoln,2205 4th Dr,"Westfield, WI 53964",608 477 0514,By appointment
Adams,Town of Monroe,981 Co Rd Z,"Arkdale, WI 54613",608 564 7271 or 414 559 3974,By appointment
Adams,Town of New Chester,"629 Mason St, PO Box 69","Grand Marsh, WI 53936",608 472 6182,By appointment
Adams,Town of New Haven,3890 County Rd G,"Wis. Dells, WI 53965",608 253 4064,By appointment
Adams,Town of Preston,1739 11th Ave,"Friendship, WI 53934",608 339 6298,By appointment
Adams,Town of Quincy,2599 Co Rd Z,"Friendship, WI 53934",608 339 7230,By appointment
Adams,Town of Richfield,153 Cumberland Ave.,"Coloma, WI 54930",715 323 6868,By appointment
Adams,Town of Rome,1156 Alpine Dr,"Nekoosa, WI 54457",715 325 8022 Fax: 715 325 8035,"Hours: 8 am - 4 pm, Monday - Friday"
Adams,Town of Springville,1003 Fur Ave,"Wis. Dells, WI 53965",608 678 7950,By appointment
Adams,Town of Strongs Prairie,"1588 State Rd 21, PO Box 69","Arkdale, WI 54613",608 564 7771,By appointment
Adams,Village of Friendship,507 W Lake St PO Box 206,"Friendship, WI 53934",608 339 3243 ext. 2 Fax: 608 339 4763,"Hours: 9 am - 4:30 pm, Monday - Friday"
Adams,City of Adams,"101 N Main St, PO Box 1009","Adams, WI 53910",608 339 6516 Fax: 608 339 8170,"Hours: 8 am - 12:30 pm, 1 pm - 4:30 pm, Monday - Friday"
Adams,City of Wis. Dells,300 LaCrosse St,"Wis. Dells, WI 53965",608 254 2012 ext 405 Fax 608 254 7329,"Hours: 8 am - 4 pm, Monday - Friday"